{"cameraMode":{"drawMode":0,"name":"Shaded","section":"Shading Mode"},"sceneLighting":true,"audioPlay":false,"sceneViewState":{"m_AlwaysRefresh":false,"showFog":true,"showSkybox":true,"showFlares":true,"showImageEffects":true,"showParticleSystems":true,"showVisualEffectGraphs":true,"m_FxEnabled":true},"in2DMode":false,"pivot":{"x":-0.05581521987915039,"y":0.6380157470703125,"z":1.5334253311157227},"rotation":{"x":-0.37714043259620669,"y":0.24729639291763307,"z":-0.1052287295460701,"w":-0.8863100409507752},"size":8.133096694946289,"orthographic":false}