{"cameraMode":{"drawMode":0,"name":"Shaded","section":"Shading Mode"},"sceneLighting":true,"audioPlay":false,"sceneViewState":{"m_AlwaysRefresh":false,"showFog":true,"showSkybox":true,"showFlares":true,"showImageEffects":true,"showParticleSystems":true,"showVisualEffectGraphs":true,"m_FxEnabled":true},"in2DMode":false,"pivot":{"x":-0.4292270839214325,"y":-20.12183952331543,"z":18.04737091064453},"rotation":{"x":-0.39430153369903567,"y":0.00330651574768126,"z":-0.0014187776250764728,"w":-0.9189779162406921},"size":18.62544059753418,"orthographic":false}